,0
and,517
to,328
the,277
of,235
a,171
with,146
in,145
for,140
test,123
or,107
you,102
our,97
testing,93
experience,91
software,81
is,75
quality,75
as,69
o,69
are,66
will,62
be,59
we,58
information,57
job,54
an,53
engineer,53
your,52
on,51
team,49
that,48
more,46
work,46
assurance,45
all,43
development,42
leidos,41
requirements,41
us,41
by,40
applicants,38
support,38
automation,38
match,37
cookies,37
have,33
no,32
this,32
level,32
from,32
data,31
skills,31
not,31
company,31
any,30
tools,30
status,29
other,29
systems,29
engineering,29
employment,28
appian,27
services,26
management,26
location,25
may,25
clearance,24
technology,24
plans,23
can,23
at,23
business,23
automated,22
qa,22
posted,22
years,22
new,22
help,22
required,21
degree,21
through,21
read,21
performance,21
customer,21
process,21
agile,20
technical,20
ability,20
project,20
about,20
functional,19
environment,18
working,18
who,18
if,18
computer,18
apply,18
benefits,17
develop,17
security,17
one,17
including,17
activities,17
user,17
design,17
system,17
part,17
integration,17
product,17
websites,16
email,16
united,16
national,16
science,16
provide,16
able,16
do,16
ensure,16
solutions,16
technologies,15
space,15
defense,15
how,15
it,15
now,15
disability,15
without,15
raytheon,14
maryland,14
time,14
using,14
type,14
name,14
applications,14
issues,14
careers,14
industry,14
position,13
such,13
baltimore,13
code,13
application,13
veteran,13
protected,13
origin,13
religion,13
race,13
gender,13
sex,13
receive,13
acceptance,13
responsibilities,13
their,13
privacy,13
use,13
customers,13
website,12
jobs,12
identify,12
description,12
execution,12
career,12
knowledge,12
processes,12
date,12
these,12
up,12
3,12
has,12
orientation,12
sexual,12
identity,12
qualified,12
related,12
improve,12
build,12
regression,12
please,12
life,12
government,12
community,12
•,11
category,11
based,11
must,11
bachelors,11
employees,11
also,11
cases,11
functions,11
create,11
products,11
looking,11
number,11
provides,11
relevant,11
preferred,11
andor,11
understanding,11
program,11
possess,10
mission,10
methodologies,10
projects,10
selenium,10
fulltime,10
seniority,10
opportunity,10
top,10
communication,10
tests,10
implement,10
first,10
ago,10
so,10
health,10
report,10
law,10
age,10
color,10
regard,10
consideration,10
maintain,10
search,10
education,10
get,10
minimum,9
learn,9
set,9
manual,9
medical,9
plan,9
well,9
developers,9
you’ll,9
java,9
qualifications,9
strong,9
familiarity,9
teams,9
but,9
group,9
providing,9
manage,9
than,9
employer,9
equal,9
results,9
members,9
they,9
content,9
lowcode,9
contact,9
statesremove,8
select,8
allow,8
potential,8
social,8
necessary,8
together,8
visit,8
details,8
eligible,8
active,8
military,8
include,8
sql,8
multiple,8
reviews,8
training,8
change,8
join,8
when,8
network,8
citizenship,8
programming,8
practices,8
best,8
people,8
talent,8
25,8
auth0,8
impact,8
among,8
news,8
pay,8
define,8
perform,8
web,8
virginia,8
senior,8
why,8
reports,8
intelligence,8
rpa,8
onetrust,7
saved,7
window,7
commitment,7
external,7
metrics,7
pregnancy,7
scripts,7
within,7
cycle,7
documents,7
role,7
opportunities,7
communicate,7
creating,7
states,7
written,7
language,7
proficiency,7
demonstrated,7
continuous,7
drive,7
frameworks,7
md,7
global,7
1,7
workplace,7
planning,7
strategy,7
digital,7
leader,7
field,7
into,7
know,7
reporting,7
release,7
critical,7
criteria,7
documentation,7
analysis,7
engineers,7
policy,7
professional,7
investors,7
success,7
here,7
platform,7
partners,7
opens,6
conditions,6
sr,6
standards,6
improvement,6
contract,6
share,6
ii,6
javascriptvoid0,6
paymentrelated,6
available,6
markets,6
future,6
flywheel,6
internal,6
developing,6
production,6
candidate,6
over,6
building,6
execute,6
provided,6
experienced,6
schedule,6
highly,6
various,6
responsible,6
days,6
expression,6
condition,6
right,6
executing,6
tracking,6
tasks,6
duties,6
sdlc,6
we’re,6
secret,6
year,6
monitor,6
–,6
some,6
stand,6
candidates,6
like,6
c,6
javascript,6
used,6
passionate,6
make,6
organization,6
sign,6
what,6
solution,6
current,6
challenges,6
4,6
effectively,6
defects,6
understand,6
function,6
functionality,6
manager,6
safety,6
workforce,6
case,6
languages,6
aerospace,5
nasa,5
canceldisconnect,5
undefined,5
disconnect,5
excellent,5
audit,5
purposes,5
consent,5
targeting,5
device,5
browser,5
profile,5
homeland,5
family,5
address,5
tssci,5
secretsci,5
full,5
personal,5
only,5
find,5
hiring,5
advertising,5
fortune,5
referral,5
headquartered,5
day,5
bring,5
lead,5
appropriate,5
eliassen,5
track,5
collect,5
seeking,5
poster,5
jira,5
basis,5
order,5
genetic,5
does,5
physical,5
service,5
which,5
key,5
collaborate,5
arlington,5
entry,5
independently,5
problems,5
solve,5
world,5
works,5
marital,5
verbal,5
environments,5
needed,5
vision,5
take,5
add,5
weeks,5
need,5
most,5
those,5
quickly,5
connect,5
return,5
both,5
face,5
organizations,5
deep,5
see,5
vendors,5
enterprise,5
gartner,5
eg,5
effective,5
bugs,5
efficient,5
database,5
features,5
complex,5
timely,5
high,5
techniques,5
review,5
site,5
overview,5
leadership,5
trust,5
events,5
analyst,5
center,5
certification,5
resources,5
insurance,5
compliance,5
risk,5
resource,5
covid19,5
ves,4
español,4
en,4
eeo,4
suggestions,4
list,4
linux,4
httpswwwrtxcomsocialimpactcorporateresponsibility,4
businesses,4
state,4
implementation,4
recruiter,4
id,4
successful,4
ads,4
view,4
33across,4
request,4
strictly,4
inc,4
responsibility,4
laws,4
consistent,4
ancestry,4
structure,4
mental,4
ethnicity,4
diversity,4
paid,4
competitive,4
packages,4
compensation,4
commercial,4
upgrades,4
linkedin,4
twitter,4
facebook,4
javascriptsavejobr00036480,4
save,4
telework,4
travel,4
competencies,4
values,4
leidoscom,4
2018,4
companies,4
then,4
partner,4
individual,4
approximately,4
detail,4
scripting,4
control,4
basic,4
specifications,4
api,4
efforts,4
fastpaced,4
conduct,4
general,4
end,4
5,4
llc,4
possible,4
good,4
coordinate,4
procedures,4
resolution,4
defect,4
summary,4
va,4
clearancejobs,4
programs,4
online,4
while,4
every,4
writing,4
meet,4
throughout,4
leave,4
week,4
dc,4
confirm,4
great,4
each,4
billion,4
locations,4
remote,4
python,4
go,4
least,4
following,4
approach,4
assist,4
users,4
culture,4
click,4
access,4
growing,4
2020,4
terms,4
creation,4
vital,4
sprint,4
special,4
just,4
webinar,4
become,4
ready,4
you’re,4
out,4
areas,4
visitors,4
highest,4
evaluation,4
hyperautomation,4
against,4
characteristic,4
plus,4
complete,4
mobile,4
platforms,4
troubleshoot,4
them,4
decision,4
corporate,4
campus,4
coverage,4
releases,4
ondemand,4
media,4
energy,4
supply,4
operational,4
care,4
protection,4
logo,4
rtx,3
maintenance,3
httpswwwrtxcomourcompanyglobaldiversityandinclusion,3
desired,3
junit,3
removed,3
federal,3
unique,3
rest,3
errors,3
cuttingedge,3
months,3
stories,3
risks,3
greenbelt,3
managing,3
tackle,3
polygraph,3
employers,3
alert,3
types,3
operating,3
preferences,3
choices,3
suppliers,3
faqs,3
ethics,3
operations,3
descriptionthis,3
currently,3
prohibited,3
domestic,3
craft,3
28,3
december,3
ended,3
fiscal,3
1019,3
revenues,3
annual,3
reported,3
reston,3
missions,3
33000,3
companys,3
civil,3
toughest,3
worlds,3
500®,3
hours,3
weekly,3
scheduled,3
lieu,3
consider,3
regarding,3
requires,3
interested,3
shift,3
10,3
yes,3
aberdeen,3
httpswwwleidoscomcontact,3
httpsinvestorsleidoscom,3
httpswwwleidoscomnews,3
httpswwwleidoscomemployees,3
httpswwwleidoscomcompanyglobal,3
country,3
asks,3
purporting,3
emails,3
ask,3
never,3
interviews,3
open,3
communities,3
around,3
mind,3
recently,3
keep,3
diverse,3
401k,3
integrity,3
better,3
supervision,3
closely,3
assisting,3
someone,3
local,3
offers,3
clients,3
expertise,3
foundation,3
clear,3
fixes,3
bug,3
attitude,3
guidance,3
sessions,3
tier,3
outstanding,3
georgia,3
6,3
associated,3
collection,3
suites,3
submit,3
below,3
follow,3
applicant,3
attention,3
bachelor’s,3
feedback,3
deliverables,3
databases,3
queries,3
specialist,3
validate,3
develops,3
configuration,3
member,3
legally,3
note,3
manner,3
interest,3
masters,3
structured,3
under,3
assigned,3
validation,3
after,3
before,3
overall,3
unit,3
uat,3
estimates,3
serves,3
adherence,3
detailed,3
analysts,3
executes,3
client,3
want,3
give,3
latest,3
certifications,3
learning,3
supporting,3
offer,3
dynamic,3
challenging,3
subject,3
evaluate,3
analyzing,3
important,3
existing,3
challenge,3
midsenior,3
everify,3
principles,3
its,3
limited,3
cloud,3
architecture,3
strategies,3
maintains,3
speed,3
less,3
next,3
rights,3
positive,3
primary,3
three,3
expand,3
already,3
increase,3
acquisition,3
built,3
offering,3
independent,3
agency,3
httpswwwappiancomresourcesgartnermovebeyondrpatodeliverhyperautomation,3
wave™,3
forrester,3
action,3
opportunityaffirmative,3
bs,3
participates,3
root,3
efficiently,3
input,3
scrum,3
troubleshooting,3
research,3
helps,3
cause,3
integral,3
ensuring,3
delivery,3
corporation,3
settings,3
cookie,3
interests,3
deliver,3
groups,3
marketing,3
httpswwwappiancomcareers,3
bpm,3
webinars,3
browse,3
providers,3
healthcare,3
financial,3
chain,3
coronavirus,3
started,3
httpswwwappiancomcompanycontactus,3
httpscommunityappiancom,3
httpswwwappiancom,3
respect,2
mbm®,2
perspectives,2
improvements,2
suggest,2
philanthropic,2
person,2
leaving,2
httpswwwrtxcomaccessibilitystatement,2
participation,2
supplement,2
ofccp,2
httpwwwutccompagesprivacyaspx,2
acknowledge,2
submitting,2
remove,2
“add”,2
finally,2
insearch,2
soon,2
alerts,2
robins,2
warner,2
httpsjobsrtxcomjobwarnerrobinssrsystemsengineerii467916556867,2
httpsjobsrtxcomjobgreenbeltseniorsatellitesystemsengineer467916816992,2
satellite,2
fulton,2
httpsjobsrtxcomjobfultonsrprocessqualityassuranceengineer467916838542,2
viewed,2
serving,2
identified,2
integrating,2
enhancements,2
productthreadsystemofsystem,2
httpsjobsrayjobscomtgwebhostjobdetailsaspxpartnerid25258siteid5366areq160232brgqid0,2
city,2
httpswwwrtxcomcareersbenefits,2
httpswwwrtxcomcareersoverview,2
httpswwwrtxcomnews,2
httpswwwrtxcomourcompanykeyfacts,2
httpswwwrtxcomsuppliers,2
missiles,2
whitney,2
pratt,2
collins,2
etc,2
oral,2
cucumber,2
coding,2
dont,2
citizen,2
path,2
main,2
apis,2
designing,2
logic,2
orbit,2
inclusive,2
—,2
lifecycle,2
2,2
includes,2
tickets,2
supercharge,2
power,2
goal,2
award,2
achieved,2
eight,2
constraints,2
identifying,2
deficiencies,2
comprehensive,2
deployment,2
traceability,2
requirement,2
documenting,2
presentations,2
inputs,2
relationship,2
professionally,2
seeks,2
39,2
httpscareersleidoscomsearchotherclearancepublictrustsecrettopsecretsciwithpolygraphtopsecretscitopsecretjobscampaignidhatlvazbbjapzcrvsrm5gbid2888,2
equivalent,2
itil,2
certified,2
poly,2
powerpoint,2
auditing,2
act,2
outcomes,2
deploy,2
selfmotivated,2
passion,2
audits,2
collaborative,2
wants,2
storage,2
notice,2
replacewithdyanmicvendorid,2
party,2
third,2
enhanced,2
actions,2
different,2
choose,2
usually,2
visiting,2
form,2
store,2
httplinkedincomcompanyleidos,2
voice,2
integrated,2
httpswwwleidoscomcompanypartners,2
vehicles,2
cyber,2
descriptionleidos,2
histories,2
criminal,2
spamleidosleidoscom,2
sent,2
httpswwwleidoscomcareerspaybenefits,2
retirement,2
income,2
wellness,2
importance,2
reflect,2
thats,2
fundamental,2
wwwleidoscom,2
requisition,2
40,2
bonus,2
ground,2
geospatial,2
between,2
confluence,2
atlassian,2
additional,2
verification,2
offtheshelf,2
optimize,2
command,2
dcgsa,2
army,2
httpscareersleidoscom,2
httpswwwleidoscominsights,2
insights,2
httpswwwleidoscomcompetencies,2
httpswwwleidoscommarkets,2
httpswwwleidoscomcompany,2
httpswwwleidoscom,2
virus,2
common,2
another,2
concern,2
strength,2
confident,2
president,2
vice,2
via,2
httpscareereventsleidoscom,2
virtual,2
continue,2
chat,2
live,2
colleagues,2
were,2
managers,2
amazon,2
500,2
ascential,2
generous,2
sustainability,2
package,2
jenkins,2
love,2
way,2
strive,2
alongside,2
driving,2
growth,2
grow,2
desire,2
class,2
associate,2
devops,2
reach,2
coast,2
managed,2
consulting,2
staffing,2
30,2
innovation,2
net,2
server,2
prior,2
recommend,2
gather,2
problem,2
five,2
stakeholders,2
desk,2
committed,2
very,2
initiative,2
creativity,2
minimal,2
expected,2
being,2
alumni,2
institute,2
kpis,2
found,2
postman,2
scenarios,2
reliable,2
alexandria,2
contractor,2
50,2
rank,2
authoring,2
excel,2
similar,2
meaningful,2
progress,2
meeting,2
expectations,2
timelines,2
findings,2
logging,2
emphasis,2
softwarehardware,2
where,2
hipaa,2
satisfaction,2
entire,2
ingestion,2
analytical,2
92,2
childbirth,2
creed,2
needs,2
above,2
4ssilversword,2
possibility,2
reading,2
require,2
dod,2
motivated,2
history,2
phases,2
suite,2
office,2
changing,2
detailoriented,2
organized,2
methods,2
efficiency,2
identification,2
follows,2
logs,2
stages,2
accuracy,2
creates,2
according,2
matter,2
own,2
chart,2
relationships,2
onsite,2
assistance,2
tuition,2
advantage,2
directly,2
handson,2
university,2
variety,2
virtually,2
experts,2
eligibility,2
selected,2
katalon,2
fields,2
gain,2
leverage,2
pipeline,2
cicd,2
fulfillment,2
write,2
real,2
that’s,2
sure,2
realworld,2
enforcement,2
washington,2
allen,2
booz,2
genetics,2
recognized,2
proud,2
35,2
helping,2
availability,2
distributed,2
debugging,2
infrastructure,2
component,2
given,2
testability,2
improving,2
continuously,2
focus,2
innovative,2
giving,2
builds,2
place,2
ideal,2
big,2
curious,2
innovate,2
secure,2
exceptional,2
rapidly,2
reserved,2
accessibility,2
simplify,2
achieve,2
many,2
capability,2
httpswwwappiancomresourcescasemanagementmorethanjusthumanintheloop,2
discuss,2
hear,2
today,2
market,2
adoption,2
explore,2
httpswwwappiancomresourceshyperautomationathyperspeed,2
watch,2
httpswwwappiancomresourcesmanageworkforcesafetyandreadinessdealingwiththecomplexitiesofreturningtotheworkplace,2
don’t,2
could,2
things,2
ever,2
httpswwwappiancombloghealthgroupgearsupwithlowcodeautomationtofightcovidspread,2
spread,2
value,2
scope,2
roadblocks,2
httpswwwappiancomblog3signsyoucangetmoreoutofrpa,2
signs,2
seamlessly,2
implemented,2
httpswwwappiancomblogensuresupplychainresilienceinthewakeofcovid19,2
covid,2
low,2
regulations,2
returning,2
complexities,2
enables,2
httpswwwappiancomnewsnewsitemappianannouncesworkforcesafetyandreadinessapplicationforcovid19andreturntoworkmanagement,2
response,2
staff,2
healthy,2
safe,2
pandemic,2
httpswwwappiancomnewsnewsitemappianannouncescampuspasssolutionforuniversities,2
httpswwwappiancomnewsnewsitemappiannamedaleaderininsuranceagencyportalsevaluationbyindependentresearchfirm,2
portals,2
alone,2
endtoend,2
scalable,2
named,2
httpswwwappiancomresourcestheforresterwavesoftwarefordigitalprocessautomationfordeepdeploymentsq22019,2
been,2
httpswwwappiancomresourcesgartnermagicquadrantforenterpriselowcodeapplicationplatforms2019,2
popular,2
transparency,2
discriminate,2
further,2
leads,2
causes,2
analyze,2
participate,2
rapid,2
android,2
across,2
analyzes,2
account,2
ensures,2
interactions,2
changes,2
httpswwwappiancomprivacy,2
accept,2
properly,2
tailored,2
custom,2
httpswwwappiancomcareersaffinitygroups,2
affinity,2
httpswwwappiancomcareerssales,2
sales,2
httpswwwappiancomcareerscustomersuccess,2
httpswwwappiancomcareersmarketing,2
httpswwwappiancomcareersengineering,2
httpswwwappiancomcareerscorporate,2
httpswwwappiancomcareerscampusrecruiting,2
recruiting,2
httpswwwappiancomcareerssearch,2
httpswwwappiancomlowcodebasics,2
basics,2
blog,2
developer,2
httpswwwappiancomcustomersuccesscustomersupport,2
transportation,2
sciences,2
governance,2
uk,2
coordination,2
scheme,2
loan,2
httpswwwappiancomcampuspass,2
mobility,2
processing,2
document,2
httpswwwappiancomplatformroboticprocessautomationrpa,2
robotic,2
intelligent,2
capabilities,2
pricing,2
httpswwwappiancomplatformfreetrial,2
httpsesappiancom,2
spanish,2
httpsitappiancom,2
italian,2
httpsdeappiancom,2
german,2
httpsfrappiancom,2
french,2
english,2
httpswwwappiancompartners,2
applicantpro,1
reimbursement,1
holidays,1
vacation,1
15,1
salary,1
rich,1
13,1
testrail,1
zephyr,1
testlink,1
familiar,1
docker,1
lxc,1
containers,1
bitbucket,1
ruby,1
visual,1
objectoriented,1
source,1
elicitation,1
stlc,1
virtualized,1
daemonsaccounts,1
installing,1
terminal,1
hone,1
willingness,1
eagerness,1
incremental,1
delivered,1
systemapplicationsoftware,1
envelope,1
pushing,1
smart,1
exceptionally,1
small,1
expertsyoull,1
operate,1
taught,1
ordinances,1
affiliation,1
political,1
familial,1
arise,1
religious,1
regardless,1
welcome,1
sensitivity,1
dignity,1
honesty,1
treat,1
broadens,1
fuels,1
ideas,1
experiences,1
believe,1
supporters,1
longterm,1
fostering,1
transform,1
individuals,1
prepares,1
flourish,1
society,1
free,1
informed,1
management®,1
called,1
philosophy,1
relentless,1
accomplish,1
policy—to,1
public,1
nonprofits,1
backgrounds—including,1
extraordinary,1
realize,1
biggest,1
nations,1
difference,1
greater,1
lives,1
entrepreneurs,1
salesforce,1
standout,1
comparable,1
provar,1
kanban,1
guiding,1
oversee,1
bottleneck,1
investigate,1
advancing,1
realizing,1
barriers,1
break,1
leaders,1
principled,1
movement,1
efficiencies,1
expanding,1
play,1
usvaarlington,1
20204624,1
links,1
endorse,1
convenience,1
link,1
entering,1
rtxcom,1
httpswwwrtxcomprivacy,1
httpswwwrtxcomtermsofuse,1
httpswwwrtxcomsitemap,1
sitemap,1
httpswwwraytheonmissilesanddefensecom,1
httpswwwraytheonintelligenceandspacecom,1
httpprattwhitneycom,1
httpswwwcollinsaerospacecom,1
httpinvestorsrtxcom,1
federally,1
httpstbcdntalentbrewcomcompany4679v30imganti20discrimination20fact20sheet20v28pdf,1
factsheet,1
antidiscrimination,1
australian,1
mailtortxrecruitingrtxcom,1
accommodation,1
httpstbcdntalentbrewcomcompany1566v10imgposterright20to20workspanishpdf,1
httpstbcdntalentbrewcomcompany1566v10imgposterright20to20workenglishpdf,1
httpstbcdntalentbrewcomcompany1566v10imgposteree20polygraph20protection20actpdf,1
ee,1
httpstbcdntalentbrewcomcompany1566v10imgposterpay20transparencyformattedpdf,1
httpstbcdntalentbrewcomcompany1566v10imgposterfmlapdf,1
fmla,1
httpstbcdntalentbrewcomcompany1566v10imgpostereverify20participationspanishpdf,1
httpstbcdntalentbrewcomcompany1566v10imgpostereverify20participationenglish20003pdf,1
httpstbcdntalentbrewcomcompany1566v10imgposterofccpeeosupplementspanishpdf,1
httpstbcdntalentbrewcomcompany1566v10imgposterofccpeeosupplementenglishpdf,1
httpstbcdntalentbrewcomcompany1566v10imgpostereeo20is20the20lawspanishpdf,1
httpstbcdntalentbrewcomcompany1566v10imgpostereeo20is20the20lawenglish20002pdf,1
notices,1
httpswwwyoutubecomuserraytheoncompany,1
youtube,1
httpswwwinstagramcomraytheontechnologies,1
instagram,1
httpswwwfacebookcomraytheontechnologies,1
httpstwittercomraytheontech,1
httpswwwlinkedincomcompanyraytheontechnologies,1
voices,1
employees’,1
investing,1
tomorrow,1
innovators,1
inspiring,1
empowered,1
elevator,1
skyrise,1
otis,1
iibodyhttp3a2f2fjobsrtxcom2fjob2fbaltimore2fsrtestengineerii2f46792f159177473futmsource3demail26utmmedium3dsocialpost26utmcampaign3draytheontechnologiessocial,1
mailtosubjectsr,1
httpswwwfacebookcomsharersharerphpuhttp3a2f2fjobsrtxcom2fjob2fbaltimore2fsrtestengineerii2f46792f159177473futmsource3dfacebookcom26utmmedium3dsocialpost26utmcampaign3draytheontechnologiessocial,1
httpstwittercomintenttweettextsrtestengineeriiurlhttpjobsrtxcomjobbaltimoresrtestengineerii467915917747utmsourcetwittercom26utmmediumsocialpost26utmcampaignraytheontechnologiessocial,1
httpwwwlinkedincomsharearticleminitrueurlhttp3a2f2fjobsrtxcom2fjob2fbaltimore2fsrtestengineerii2f46792f159177473futmsource3dlinkedincom26utmmedium3dsocialpost26utmcampaign3draytheontechnologiessocialtitlesrtestengineerii,1
160232,1
substituted,1
college,1
accredited,1
accreditation,1
fabrics,1
messaging,1
jms,1
soapui,1
sonar,1
years’,1
8,1
scenario,1
e2e,1
productslimited,1
neighbor,1
nearest,1
productsubproduct,1
unitmulticomponent,1
aspects,1
specified,1
oconus,1
conus,1
install,1
governmentfurnished,1
subsystem,1
augmentation,1
minor,1
adaptive,1
corrective,1
perfective,1
polycurrent,1
lifestyle,1
04072020,1
160232br,1
relocation,1
httpsjobsrtxcomjobmatch398584,1
reset,1
keyword,1
advancedsearchformfields,1
begin,1
sustainable,1
httpswwwrtxcomsearchresults,1
httpswwwrtxcomelcan,1
elcan,1
httpswwwrtxcominvestors,1
httpswwwrtxcomcareersfaqs,1
httpswwwrtxcomcareersmilitarycommunity,1
httpswwwrtxcomcareers,1
httpswwwrtxcomsocialimpact,1
httpswwwrtxcomourcompanycontractvehicles,1
inclusion,1
httpswwwrtxcomourcompanyethicsandcompliance,1
httpswwwrtxcomourcompanycorporategovernance,1
httpswwwrtxcomourcompanyourleadership,1
httpswwwrtxcomourcompanyourbusinesses,1
facts,1
httpswwwrtxcomourcompanyourvalues,1
httpswwwrtxcomourcompany,1
httpswwwrtxcomlocations,1
httpswwwrtxcomcontacts,1
contacts,1
httpswwwrtxcominvestorsinvestors,1
httpswwwrtxcomnewsnews,1
socialimpact,1
ourcompany,1
httpswwwrtxcom,1
httpsjobsraytheonmissilesanddefensecom,1
httpsjobsraytheonintelligenceandspacecom,1
httpsjobsprattwhitneycom,1
httpsjobscollinsaerospacecom,1
httpsjobsrtxcom,1
skip,1
baker,1
russell,1
17,1
ctfl,1
istqb,1
csqe,1
asq,1
qualityrelated,1
hold,1
preferably,1
theoretical,1
possesses,1
enhancing,1
windows,1
browsers,1
softwaretesting,1
awarded,1
passes,1
once,1
thank,1
subcontractors,1
sponsorshipno,1
considerations,1
visa,1
employee,1
w,1
resolved,1
thorough,1
thoroughly,1
record,1
enhance,1
estimate,1
prioritize,1
actively,1
handle,1
firewall,1
salt,1
ansible,1
puppet,1
hardware,1
infrastructures,1
modern,1
proficient,1
drone,1
teamcity,1
ie,1
ci,1
prebuilt,1
newman,1
physics,1
astronomy,1
major,1
awardwinning,1
mix,1
interesting,1
really,1
blend,1
desktop,1
embedded,1
levels,1
several,1
tasked,1
​,1
made,1
should,1
wish,1
let,1
holds,1
copy,1
updated,1
harassment,1
discrimination,1
prohibits,1
uniquely,1
phase,1
embark,1
starts,1
putting,1
entirely,1
direction,1
pioneer,1
doing,1
crew,1
boundaries,1
destination,1
begun,1
countdown,1
pad,1
launching,1
onto,1
stepping,1
varied,1
infusing,1
script,1
dom,1
console,1
awesome,1
extra,1
css,1
angularjs,1
restapi,1
qtest,1
simple,1
sqlnosql,1
enjoys,1
demonstrates,1
articulating,1
clearly,1
backlog,1
fix,1
influence,1
crisp,1
turning,1
revised,1
converting,1
old,1
deprecating,1
depths,1
reduce,1
influencing,1
mentoring,1
models,1
points,1
failure,1
diving,1
push,1
nononsense,1
created,1
weve,1
thirdparty,1
saying,1
11,1
30309,1
ga,1
atlanta,1
allowance,1
postcovid,1
practitioner,1
hq,1
uscis,1
cbp,1
ice,1
dhs,1
promotions,1
proven,1
cste,1
qai,1
508,1
interaction,1
facilitate,1
decompose,1
planned,1
setup,1
proactively,1
completeness,1
designs,1
gaps,1
completed,1
achieving,1
stress,1
outputs,1
steps,1
casesuser,1
enhancement,1
legacy,1
sprints,1
24week,1
712,1
incumbent,1
resulting,1
autonomy,1
epics,1
screening,1
immigration,1
department,1
mag,1
airey,1
mount,1
tester,1
aeronautics,1
groundflight,1
strongly,1
as9100,1
cmmidev,1
ieee,1
personnel,1
interface,1
teamplayer,1
proactive,1
little,1
selfstarter,1
facing,1
interpersonal,1
exhibit,1
problemsolving,1
thinking,1
sdlcs,1
standard,1
definition,1
bidirectional,1
allocation,1
assess,1
noncompliance,1
monitoring,1
prepare,1
monthly,1
readiness,1
assurances,1
peer,1
milestone,1
projectvendor,1
spectrum,1
assessment,1
surveillance,1
nonlocal,1
locally,1
spacecraft,1
instruments,1
scientific,1
closeknit,1
teammates,1
concerns,1
programmatic,1
priority,1
outgoing,1
foster,1
successfully,1
representative,1
chosen,1
flight,1
goddard,1
millennium,1
per,1
20,1
20201344,1
usmdgreenbelt,1
httpwwwdhigroupinccom,1
dhi,1
httpswwwclearancejobscomjobs5003259testingandqualityassuranceengineersenior,1
httpswwwinstagramcomclearancejobs,1
httpswwwyoutubecomuserclearancejobs,1
httpswwwpinterestcomclearancejobs,1
httpstwittercomclearancejobs,1
httpswwwfacebookcomclearancejobs,1
httpswwwclearancejobscomcontact,1
httpsaboutclearancejobscomccpa,1
ccpa,1
httpsaboutclearancejobscomtermsofservice,1
httpsaboutclearancejobscomprivacypolicy,1
httpswwwclearancejobsblogcom,1
httpswwwclearancejobscomsecurityclearancefaqs,1
httpswwwclearancejobscombrowsesecurityclearancejobs,1
httpssupportclearancejobscom,1
httpsaboutclearancejobscom,1
clearancejobsclearancejobs,1
applying,1
recaptcha,1
httpswwwclearancejobscomjobsleidos,1
httpswwwclearancejobscomjobstopsecretscileidos,1
httpswwwclearancejobscomjobsleidositqaandtest,1
httpswwwclearancejobscomjobsleidosdc,1
httpswwwclearancejobscomjobsleidoswashingtondcdc,1
httpswwwclearancejobscomprofiles672967leidosjobs,1
httpleidoscom,1
principal,1
httpswwwclearancejobscomnetworkprofiles687718,1
l,1
httpswwwclearancejobscomnetworkprofiles672967,1
n,1
httpswwwclearancejobscomnetworkprofiles486718,1
saic,1
formerly,1
httpswwwclearancejobscomnetworkprofiles392471,1
j,1
httpswwwclearancejobscomnetworkprofiles115048,1
m,1
httpstwittercomleidosincother,1
httpswwwinstagramcomleidosinctwittertwitter,1
httpswwwfacebookcomleidosincinstagraminstagram,1
facebookfacebook,1
story,1
kaleidoscope,1
r,1
scncapi2,1
itmod,1
auditor,1
formal,1
belt,1
black,1
green,1
sixsigma,1
lean,1
domain,1
doctorate,1
610,1
810,1
supervise,1
mentor,1
visio,1
word,1
ms,1
direct,1
multitask,1
iso9001iso20000cmmi,1
dev,1
sw,1
initiatives,1
liaison,1
achievement,1
higher,1
objectives,1
towards,1
gauge,1
trends,1
policies,1
qms,1
instantiation,1
coworkerscustomers,1
establish,1
demands,1
agent,1
facilitation,1
regularly,1
dia,1
few,1
invest,1
leaning,1
forward,1
ic,1
devsecop,1
unspecified,1
onsiteoffice,1
yesterday,1
mailtosubjecttesting20and20quality20assurance20engineer20senior20jobs20in20washington2c20dcbodyhttps3a2f2fwwwclearancejobscom2fjobs2f50032592ftestingandqualityassuranceengineersenior0a0atesting20and20quality20assurance20engineer20senior20in20washington2c20dc20requiring20an20active20security20clearance20find20other20leidos20defense20and20intelligence20career20opportunities20on20clearancejobscom,1
20001,1
leidos•washington,1
httpswwwclearancejobscomregistration,1
register,1
httpswwwclearancejobscomlogin,1
log,1
httpsnewsclearancejobscom,1
advice,1
httpswwwclearancejobscomcompanydirectory,1
httpsaboutclearancejobscomemployersrequestdemo,1
httpsaboutclearancejobscomcandidateswhyjoinclearancejobs,1
httpswwwclearancejobscom,1
httpsonetrustcompoweredbyonetrust,1
filters,1
optout,1
personalize,1
legitimate,1
allowed,1
replacewithdyanmichostid,1
hosts,1
leginterest,1
buttonjavascriptvoid0,1
filter,1
button,1
back,1
separately,1
advertisements,1
display,1
visitors’,1
activity,1
typically,1
behalf,1
device’s,1
customized,1
example,1
personalization,1
enable,1
websites’,1
unless,1
visited,1
anonymous,1
therefore,1
aggregated,1
navigate,1
pages,1
measure,1
referring,1
visits,1
count,1
identifiable,1
personally,1
correctly,1
parts,1
block,1
forms,1
filling,1
setting,1
amount,1
off,1
switched,1
cannot,1
always,1
httpswwwleidoscomprivacycookies,1
blocking,1
however,1
default,1
left,1
headings,1
personalized,1
expect,1
owned,1
pertain,1
might,1
mostly,1
retrieve,1
preference,1
javascriptjavascript,1
httpswwwinstagramcomleidosinc,1
httpfacebookcomleidosinc,1
httptwittercomleidosinc,1
httpswwwleidoscomalumni,1
httpswwwleidoscomsuppliers,1
httpswwwleidoscomcustomers,1
httpswwwleidoscomproducts,1
httpswwwleidoscomprivacy,1
statement,1
stockholder,1
httpswwwleidoscomcareersfaqs,1
httpswwwleidoscomcareerslife,1
httpswwwleidoscomcareers,1
httpswwwleidoscomcompetenciessensorscollectionphenomenology,1
phenomenology,1
sensors,1
httpswwwleidoscomcompetenciesoperationsandlogistics,1
logistics,1
httpswwwleidoscomcompetenciesmissionsoftwaresystems,1
httpswwwleidoscomcompetenciesintegratedsystems,1
httpswwwleidoscomcompetenciesdigitalmodernization,1
modernization,1
httpswwwleidoscomcompetenciesdatascienceandengineering,1
httpswwwleidoscomcompetenciescyber,1
httpswwwleidoscommarketssurfacetransportation,1
surface,1
httpswwwleidoscommarketsspace,1
httpswwwleidoscommarketsscience,1
httpswwwleidoscommarketsintelligence,1
httpswwwleidoscommarketshomeland,1
httpswwwleidoscommarketshealth,1
httpswwwleidoscommarketsgovernment,1
httpswwwleidoscommarketsenergy,1
httpswwwleidoscommarketsdefense,1
httpswwwleidoscommarketsaviation,1
aviation,1
httpswwwleidoscomcompanysubsidiaries,1
subsidiaries,1
httpswwwleidoscomcompanyrankingsandawards,1
awards,1
rankings,1
httpswwwleidoscomcompanycontractvehicles,1
httpswwwleidoscomcompanyethicsandcompliance,1
httpswwwleidoscomcompanyresponsibilityandsustainability,1
httpswwwleidoscomhistory,1
httpswwwleidoscomcompanyleadership,1
httpswwwleidoscomcompanymissionvisionandvalues,1
httpswwwleidoscomcompanyourbusiness,1
recruiters,1
streamlined,1
enabling,1
httpscareersleidoscomjobs5434451networkarchitectapply,1
httpscareersleidoscomjobs5434451networkarchitect,1
architect,1
httpscareersleidoscomjobs5423675operationsmanagerjuniorwatchofficerapply,1
httpscareersleidoscomjobs5423675operationsmanagerjuniorwatchofficer,1
officer,1
junior,1
httpscareersleidoscomjobs5397867cybersecurityanalysttieriiapply,1
httpscareersleidoscomjobs5397867cybersecurityanalysttierii,1
httpscareersleidoscomjobs5434446seniorsoftwareengineerapply,1
httpscareersleidoscomjobs5434446seniorsoftwareengineer,1
httpscareersleidoscomjobs5481781informationsecurityengineerapply,1
httpscareersleidoscomjobs5481781informationsecurityengineer,1
httpscareersleidoscomjobs5387431testengineeriiapply,1
mailtospamleidosleidoscom,1
securing,1
httpwwwleidoscom,1
grids3,1
components,1
esri,1
gis,1
sites,1
primarily,1
1025,1
testdriven,1
cc,1
coordinating,1
facility,1
attentive,1
organizational,1
architectures,1
gots,1
cots,1
interoperability,1
emerging,1
upgrading,1
mc,1
recommendations,1
visible,1
exciting,1
httpswwwlinkedincomsharearticleminitrueurlhttps3a2f2fcareersleidoscom2f2fjobs2f5387431testengineeriititletest20engineer20iisourcehttps3a2f2fcareersleidoscom2f,1
linkedinshare,1
httpstwittercomintenttweeturlhttps3a2f2fcareersleidoscom2f2fjobs2f5387431testengineeriitexttest20engineer20ii2020leidos,1
twittershare,1
httpwwwfacebookcomsharerphpuhttps3a2f2fcareersleidoscom2fjobs2f5387431testengineeriittest20engineer20ii20in20aberdeen2c20md2020leidos,1
facebookshare,1
ii20in20aberdeen20maryland0d0ahttpscareersleidoscomjobs5387431testengineerii,1
jobbodytest,1
mailtosubjectyou,1
mail,1
httpswwwleidoscomcareerserp,1
ftpt,1
r00036480,1
httpscareersleidoscomsearchjobsinmdmarylandqquality,1
home,1
httpscareersleidoscompagessavedjobs,1
start,1
close,1
thoughts,1
impacted,1
defines,1
guided,1
moments,1
confronted,1
mailtochrisascalialeidoscom,1
chrisascalialeidoscom,1
leidos’,1
scalia,1
chris,1
generated,1
money,1
advance,1
nor,1
myspace,1
whatsapp,1
text,1
extend,1
video,1
options,1
discussions,1
brazen,1
chats,1
meetings,1
telephone,1
securely,1
safely,1
practice,1
hosting,1
coming,1
house,1
fairs,1
canceling,1
caution,1
abundance,1
distancing,1
recommended,1
safeguard,1
measures,1
taking,1
friends,1
families,1
concerned,1
volatile,1
felt,1
effects,1
everyones,1
valued,1
plc,1
acquired,1
was,1
london,1
hub,1
european,1
brands,1
industryleading,1
structural,1
figure,1
sleeves,1
rolling,1
numerous,1
solved,1
practitioners,1
shares,1
opt,1
option,1
accounts,1
spending,1
flexible,1
dental,1
incentive,1
saving,1
pto,1
unlimited,1
whilst,1
wellbeing,1
unlocking,1
incorporates,1
github,1
aws,1
ide,1
translate,1
edge,1
cutting,1
evolving,1
embrace,1
selfdocumented,1
cando,1
holders,1
stake,1
accountable,1
bringing,1
specifically,1
assuring,1
force,1
flywheel’s,1
essential,1
“norm”,1
question,1
ecommerce,1
exponentially,1
111,1
azure,1
check,1
1000,1
refer,1
hire,1
miss,1
httpwwweliassencom,1
networks,1
presence,1
offices,1
ma,1
scale,1
creative,1
leveraging,1
clients’,1
strategic,1
javapython,1
hybrid,1
waterfall,1
analyses,1
tfs,1
demonstrating,1
concise,1
present,1
failures,1
session,1
demo,1
stakeholder,1
leading,1
facilitating,1
collaborating,1
emergency,1
participating,1
detecting,1
procedure,1
maintaining,1
smoke,1
performing,1
publish,1
deck”,1
hands,1
“all,1
four,1
done”,1
takes,1
whatever,1
“do,1
times,1
she,1
sacrificing,1
demotraining,1
imply,1
interact,1
eliassen’s,1
200,1
bethesda,1
decisions,1
nogo,1
established,1
cover,1
requests,1
rate,1
bill,1
resume,1
matches,1
68,1
hoursweek,1
3040,1
term,1
short,1
skilled,1
84,1
element,1
temporary,1
administration,1
talend,1
teradatatalend,1
desirable,1
keen,1
automating,1
iterations,1
subversion,1
git,1
version,1
relational,1
dialects,1
background,1
extensive,1
discipline,1
frequent,1
communicates,1
manages,1
responsiveness,1
resolving,1
leverages,1
establishes,1
coordinates,1
prioritizes,1
escalates,1
ui,1
enhances,1
updates,1
resolve,1
owners,1
smes,1
correct,1
populated,1
verifies,1
selection,1
assessments,1
directs,1
knowhow,1
implements,1
recommends,1
evaluates,1
dodva,1
load,1
stage,1
flowing,1
correctness,1
userinterfaces,1
protocols,1
modified,1
validating,1
lab,1
governmentapproved,1
church,1
falls,1
dunhill,1
characteristics,1
era,1
vietnam,1
depending,1
vary,1
positions,1
encompassing,1
assignments,1
modify,1
reserves,1
lbs,1
lifting,1
distance,1
long,1
moderate,1
walking,1
parking,1
due,1
there,1
daily,1
kneeling,1
reaching,1
bending,1
sufficient,1
screen,1
typing,1
periods,1
extended,1
standing,1
sitting,1
involve,1
self,1
making,1
laboratory,1
crossfunctional,1
query,1
microsoft,1
concurrently,1
deadlines,1
final,1
indevelopment,1
conducting,1
endusers,1
fulfilled,1
rigorous,1
adheres,1
slas,1
agreements,1
labor,1
reliability,1
assists,1
closure,1
accurate,1
strict,1
records,1
organizes,1
specific,1
encompass,1
aggregate,1
uatrequirements,1
developed,1
fearlessly,1
characteristic—to,1
people—no,1
empowers,1
eoe,1
course,1
we’ll,1
tips,1
helpful,1
professionals,1
vendor,1
academic,1
bootcamps,1
pursuing,1
inhouse,1
tech,1
books,1
courses,1
5000,1
featuring,1
portal,1
wealth,1
exposed,1
stability,1
focuses,1
isn’t,1
classified,1
investigation,1
ba,1
nontechnical,1
approaches,1
empower,1
threats,1
nation,1
guard,1
worldclass,1
opensource,1
industrystandard,1
buildability,1
automate,1
run,1
experiments,1
interpret,1
understands,1
chance,1
anything,1
can’t,1
integrate,1
agencies,1
r0087991,1
connection,1
schmitz,1
michelle,1
hamilton,1
residing,1
authorization,1
covered,1
disabled,1
vietnamera,1
employmentrelated,1
conducts,1
transparent,1
continually,1
countries,1
safer,1
internet,1
think,1
priorities,1
month,1
transactions,1
login,1
45,1
safeguards,1
ar,1
ca,1
americas,1
globally,1
comfort,1
refactoring,1
framework,1
tool,1
skill,1
serviceoriented,1
feature,1
whether,1
determining,1
engaging,1
nodejs,1
highquality,1
ship,1
shape,1
composed,1
auth0s,1
shine,1
adaptable,1
nimble,1
thinker,1
boundarypushing,1
excited,1
mitigate,1
everyone—whether,1
promise,1
score,1
pool,1
2b,1
nearly,1
valuation,1
330m,1
raised,1
capital,1
total,1
funding,1
round,1
f,1
series,1
120m,1
closed,1
unicorn,1
httpswwwappiancom508compliance,1
httpswwwappiancomappianenvironmentalpolicy,1
environmental,1
httpswwwappiancomtermsuse,1
httpscareersappiancomhome,1
excellence,1
largest,1
world’s,1
highimpact,1
accelerates,1
httpswwwspreakercomshowappiantalks,1
httpswwwinstagramcomappiancorp,1
httpswwwyoutubecomuserappianbpm,1
httpswwwlinkedincomcompanyappiancorporation,1
httpstwittercomappian,1
httpswwwfacebookcomappiancorporation,1
impacts,1
floyd,1
wayne,1
speaker,1
guest,1
loop,1
human,1
practically,1
cto,1
deputy,1
vp,1
ross,1
malcolm,1
patterns,1
hottest,1
two,1
hyperspeed,1
organizations’,1
demonstration,1
dealing,1
abroad,1
populations,1
vulnerable,1
sweeps,1
outbreak,1
adapt,1
dire,1
even,1
situation,1
bleak,1
reboot,1
facilities,1
battle,1
fight,1
gears,1
nhs,1
look,1
probably,1
running,1
deploying,1
struggling,1
chains,1
resiliency,1
positioned,1
perfectly,1
wake,1
resilience,1
httpswwwappiancomcovid19survey,1
survey,1
hr,1
httpswwwappiancombpm,1
httpsappianconnectcom,1
httpswwwappiancomindustriespublicsectoracquisitionmanagement,1
httpswwwappiancomblogwhatisroboticprocessautomationrpa,1
httpswwwappiancombpmbusinessprocessmanagementsoftware,1
httpswwwappiancomindustriessolutionsfinanceloanmanagement,1
httpswwwappiancomcovidapplicationsignup,1
httpswwwappiancomworkforcesafetyreadinesssignup,1
httpswwwappiancomresourceslowcodeguide,1
guide,1
httpswwwappiancomhyperautomation,1
prioritizing,1
complying,1
workers,1
intelligently,1
returntowork,1
appians,1
faculty,1
students,1
returntocampus,1
administrators,1
school,1
announced,1
universities,1
campuspass™,1
announces,1
2020”,1
q3,1
categories,1
scores,1
received,1
firm,1
delivering,1
strategically,1
discusses,1
beyond,1
move,1
q42019,1
q22019,1
deployments,1
dpa,1
18,1
cited,1
q32019,1
quadrant,1
magic,1
blogs,1
topics,1
hot,1
limb1,1
httpswwwdolgovofccppdfpaytransp20englishformattedesqa508cpdf,1
nondiscrimination,1
co‐worker,1
circumstances,1
certain,1
disclosing,1
discussing,1
inquiring,1
iosandroid,1
leaked,1
determine,1
systematically,1
reuse,1
artifacts,1
anomalies,1
aid,1
ios,1
compatibility,1
gui,1
dimensions,1
multitude,1
manually,1
recur,1
mistakes,1
dependencies,1
strives,1
perspective,1
champion,1
master,1
mclean,1
departments,1
adjust,1
optimized,1
uses,1
httpsinvestorsappiancom,1
httpswwwappiancomcompanymediacoverage,1
httpswwwappiancomcompanypressreleases,1
press,1
httpswwwappiancomcompanyleadership,1
httpswwwappiancomtrust,1
httpswwwappiancomcompanyaboutappian,1
httpswwwappiancomcompanywhyappian,1
httpswwwappiancombpmbasics,1
httpswwwappiancomresourcesresourcestype46,1
httpswwwappiancomwebinars,1
upcoming,1
httpswwwappiancomeventlisting,1
httpswwwappiancomblog,1
httpswwwappiancomresourcesresourcestype55,1
httpswwwappiancomresources,1
httpscommunityappiancompascore,1
httpscommunityappiancombappmarket,1
appmarket,1
httpswwwappiancomcustomersuccessservices,1
httpswwwappiancomcustomersuccesscustomergolives,1
golives,1
httpswwwappiancomcustomervideos,1
videos,1
httpswwwappiancomcustomers,1
httpswwwappiancomindustriestransportationandlogistics,1
httpswwwappiancomindustriestelecommunications,1
telecom,1
httpswwwappiancomindustriesretail,1
retail,1
httpswwwappiancomindustrieslifesciences,1
pharma,1
httpswwwappiancomindustriesinsurance,1
httpswwwappiancomindustrieshealthcare,1
payers,1
httpswwwappiancomindustriesgovernmentpublicsector,1
httpswwwappiancomindustriesfinancialservicesbankingandcapitalmarkets,1
httpswwwappiancomindustriesenergy,1
utilities,1
httpswwwappiancomindustrieseducation,1
httpswwwappiancomindustriesautomotiveandmanufacturing,1
manufacturing,1
automotive,1
httpswwwappiancomindustriessolutions,1
httpswwwappiancomindustriesroboticworkforcemanagerrwm,1
httpswwwappiancomindustriesgovernanceriskandcompliance,1
grc,1
httpswwwappiancomindustriessupplychain,1
httpswwwappiancomindustriesoperationalefficiency,1
httpswwwappiancomplatformintelligentcontactcenter,1
engagement,1
httpswwwappiancomindustriescustomerengagement,1
journey,1
httpswwwappiancomrequirementsmanagement,1
httpswwwappiancominstitutionalonboarding,1
onboarding,1
institutional,1
topic,1
httpswwwappiancomresourceandcarecoordination,1
httpswwwappiancomcbils,1
cbils,1
interruption,1
httpswwwappiancomppp,1
lending,1
paycheck,1
campuspass,1
httpswwwappiancomworkforcesafety,1
httpswwwappiancomheretohelp,1
httpswwwappiancomplatformmobileappdevelopmentplatform,1
httpswwwappiancomplatformcasemanagement,1
httpswwwappiancomplatformintegrations,1
httpswwwappiancomplatformintelligentdocumentprocessing,1
httpswwwappiancomplatformartificialintelligenceai,1
artificial,1
httpswwwappiancomplatformbpmsuite,1
httpswwwappiancomplatformintelligentautomation,1
httpswwwappiancomplatformlowcode,1
httpswwwappiancompricing,1
httpswwwappiancomcompanyappianguarantee,1
guarantee,1
httpswwwappiancomplatform,1
